{
    "data": [
        {
            "id": 1,
            "uuid": null,
            "name": "CLINIQUE BON SECOURS",
            "name2": "CLINIQUE BON SECOURS",
            "code": "237",
            "phone": "699109851",
            "phone2": "699109851",
            "email": "test@test.com",
            "siteweb": "www.test.com",

            "boite_postale": "Aucune",
            "pays": "Cameroun",
            "ville": "Douala",
            "rue": "Aucune",
            "description": "Sint consequat dolor labore laborum velit mollit aliqua reprehenderit. Non esse duis adipisicing officia pariatur. ",
            "longitude": "9.6998770431678",
            "latitude": "4.0418003231239"
        },

        {
            "name": "FONDATION MEDICALE JOSEPH PERRAIN",
            "name2": "FONDATION MEDICALE JOSEPH PERRAIN",
            "code": "237",
            "phone": "699109851",
            "phone2": "699109851",
            "email": "test@test.com",
            "siteweb": "www.test.com",

            "boite_postale": "Aucune",
            "pays": "Cameroun",
            "ville": "Yaoundé",
            "rue": "Aucune",
            "description": "Sint consequat dolor labore laborum velit mollit aliqua reprehenderit. Non esse duis adipisicing officia pariatur. Labore exercitation consequat qui culpa. Ullamco quis minim aliquip occaecat ex. Reprehenderit in id enim consequat magna non excepteur nulla. Adipisicing tempor sunt exercitation dolore laborum minim aliqua est.",
            "longitude": "11.546031336426",
            "latitude": "3.8570371050074"
        },
        {
            "name": "CLINIQUE LA  REGENESCENCE",
            "name2": "CLINIQUE LA  REGENESCENCE",
            "code": "237",
            "phone": "699888953",
            "phone2": "699888953",
            "email": "test@test.com",
            "siteweb": "www.test.com",

            "boite_postale": "Aucune",
            "pays": "Cameroun",
            "ville": "Douala",
            "rue": " 5147 Ave Japoma",
            "description": "Sint consequat dolor labore laborum velit mollit aliqua reprehenderit. Non esse duis adipisicing officia pariatur. Labore exercitation consequat qui culpa. Ullamco quis minim aliquip occaecat ex. Reprehenderit in id enim consequat magna non excepteur nulla. Adipisicing tempor sunt exercitation dolore laborum minim aliqua est.",
            "longitude": "11.514864789176",
            "latitude": "3.9267605099321"
        },
        {
            "name": "CLINIQUE NDASSA",
            "name2": "CLINIQUE NDASSA",
            "code": "237",
            "phone": "699919038",
            "phone2": "233 12 10 69",
            "email": "clinicoliveraie@yahoo.fr",
            "siteweb": "www.test.com",

            "boite_postale": "Aucune",
            "pays": "Cameroun",
            "ville": "Douala",
            "rue": "Bonaberi ,DOUALA",
            "description": "Sint consequat dolor labore laborum velit mollit aliqua reprehenderit. Non esse duis adipisicing officia pariatur. Labore exercitation consequat qui culpa. Ullamco quis minim aliquip occaecat ex. Reprehenderit in id enim consequat magna non excepteur nulla. Adipisicing tempor sunt exercitation dolore laborum minim aliqua est.",
            "longitude": "9.6507930944649",
            "latitude": "4.2091153903963"
        },
        {
            "id": 4,
            "uuid": null,
            "name": "CABINET MÉDICAL DU DR NKOULOU - POLYCLINIQUE DE LA CITÉ",
            "name2": "CABINET MÉDICAL DU DR NKOULOU - POLYCLINIQUE DE LA CITÉ",
            "code": "237",
            "phone": "699109851",
            "phone2": "699109851",
            "email": "test@test.com",
            "siteweb": "www.test.com",

            "boite_postale": "Aucune",
            "pays": "Cameroun",
            "ville": " Yaoundé",
            "rue": "Aucune",
            "description": "Sint consequat dolor labore laborum velit mollit aliqua reprehenderit. Non esse duis adipisicing officia pariatur. Labore exercitation consequat qui culpa. Ullamco quis minim aliquip occaecat ex. Reprehenderit in id enim consequat magna non excepteur nulla. Adipisicing tempor sunt exercitation dolore laborum minim aliqua est.",
            "longitude": "11.514864789176",
            "latitude": "3.9267605099321"
        },
        {
            "name": "CLINIQUE L'OLIVERAIE",
            "name2": "CLINIQUE L'OLIVERAIE",
            "code": "237",
            "phone": "2 33 42 99 08",
            "phone2": "2 33 43 36 50",
            "email": "clinicoliveraie@yahoo.fr",
            "siteweb": "www.test.com",

            "boite_postale": "Aucune",
            "pays": "Cameroun",
            "ville": "Douala",
            "rue": "410 RUE DU GENERAL LEMAN AKWA,DOUALA",
            "description": "Sint consequat dolor labore laborum velit mollit aliqua reprehenderit. Non esse duis adipisicing officia pariatur. Labore exercitation consequat qui culpa. Ullamco quis minim aliquip occaecat ex. Reprehenderit in id enim consequat magna non excepteur nulla. Adipisicing tempor sunt exercitation dolore laborum minim aliqua est.",
            "longitude": "11.514864789176",
            "latitude": "3.9267605099321"
        },
        {
            "name": "Pharmacie Le Bon Berger",
            "name2": "Pharmacie Le Bon Berger",
            "code": "237",
            "phone": "242606777",
            "phone2": "242606777",
            "email": "test@test.com",
            "siteweb": "www.test.com",

            "boite_postale": "Aucune",
            "pays": "Cameroun",
            "ville": "Yaoundé",
            "rue": "Aucune",
            "description": "Sint consequat dolor labore laborum velit mollit aliqua reprehenderit. Non esse duis adipisicing officia pariatur. Labore exercitation consequat qui culpa. Ullamco quis minim aliquip occaecat ex. Reprehenderit in id enim consequat magna non excepteur nulla. Adipisicing tempor sunt exercitation dolore laborum minim aliqua est.",
            "longitude": "11.536264233898",
            "latitude": "3.8883173177594",
            "created_at": "2023-06-08T13:29:57.000000Z",
            "updated_at": "2023-06-08T13:29:57.000000Z",
            "deleted_at": null
        }
    ]
}
